{
  "id": "six-shooter-guns",
  "title": "Six Shooter Guns",
  "version": "1.0.0",
  "manifest": "https://github.com/EonVankmer1412/Six-Shooter-Guns-Module/releases/latest/download/module.json",
  "download": "https://github.com/EonVankmer1412/Six-Shooter-Guns-Module/releases/download/1.0.0/module.zip",
  "compatibility": {
    "minimum": "13",
    "verified": "13"
  },
  "authors": [
    {
      "name": "EonVankmer",
      "flags": {}
    }
  ],
  "flags": {
    "canUpload": true
  },
  "packs": [
    {
      "name": "SixShooter",
      "label": "Six Shooter Guns",
      "path": "packs/SixShooter",
      "type": "Item",
      "ownership": {
        "PLAYER": "OBSERVER",
        "ASSISTANT": "OWNER"
      },
      "system": "dnd5e",
      "flags": {}
    }
  ],
  "relationships": {
    "requires": [
      {
        "id": "dae",
        "type": "module",
        "compatibility": {}
      },
      {
        "id": "midi-qol",
        "type": "module",
        "compatibility": {}
      }
    ]
  },
  "description": ""
}